precinct,Name,n/a,n/a,1D88D3F7-F555-4343-A4A6-481B7F4D5B55,n/a,16C9B17C-7CFF-4F13-9D84-687326F60D38,F901FF06-DDAC-4784-812F-46EC012086C2,A869A967-3995-40D1-BF38-D3D6B5BDCE9B,n/a,FAF3F964-ED31-405C-B894-FFE28FFB5A69,n/a,4B32F748-1155-4BB5-B293-C4CA431F3530,DCD861B8-C3AB-4B9D-8A71-B68CCA0A23B2,84522EF1-9E2D-4037-8FDA-0D9D906E7F6D,E57E94DE-0BDE-4C5C-A75C-6510F9DEB412,D2DC06A2-1437-4CBC-8AD2-898893D1B6B9
1,Leah Broder,Yes,Yes,Yes,Yes,Yes,No,Yes,Yes,Yes,Yes,No,No,No,Yes,Yes
1,Gregory Dennis,Yes,Yes,Yes,Yes,Yes,No,Yes,Yes,Yes,Yes,No,No,No,Yes,Yes
1,Nada El-Newahy,Yes,Yes,Yes,No,Yes,Yes,Yes,Yes,Yes,No,Yes,Yes,,,
1,Stephanie Ford-Weems,Yes,No,Yes,,,,Yes,Yes,Yes,Yes,No,No,No,Yes,Yes
1,Asia Kepka,Yes,Yes,Yes,No,Yes,Yes,,Yes,Yes,No,Yes,Yes,,,
1,Marian King,Yes,Yes,Yes,Yes,Yes,Yes,Yes,Yes,Yes,No,Yes,Yes,Yes,Abstain,Abstain
1,Paul Marshall,Yes,Yes,Yes,Yes,Yes,Yes,Yes,Yes,Yes,Yes,No,No,No,Yes,Yes
1,Kevin Mills,Yes,Yes,Yes,Yes,Yes,Yes,Yes,Yes,Yes,Yes,No,No,No,Yes,Yes
1,Juliet Moir,Yes,Yes,Yes,Yes,Yes,No,Yes,Yes,Yes,Yes,No,No,No,Yes,Yes
1,Rebecca Persson,Yes,Yes,Yes,Yes,Yes,Yes,Yes,Yes,Yes,Yes,No,No,No,Yes,Yes
1,Stephen Revilak,Abstain,Yes,Yes,Yes,No,Yes,Yes,Yes,Yes,Yes,No,No,No,Yes,Yes
1,Peter Young,Yes,No,Yes,Yes,Yes,Yes,Yes,Yes,Yes,Yes,No,No,No,Yes,Yes
2,Alexander Bilsky,Yes,Yes,Yes,Yes,Yes,Yes,Yes,Yes,Yes,Yes,No,No,No,Yes,Yes
2,Steven Cella,Yes,Yes,No,Yes,No,No,Yes,Yes,Yes,Yes,No,No,No,Yes,Yes
2,Samit Chhabra,Yes,Yes,Yes,Yes,Yes,Yes,Yes,Yes,Yes,Yes,No,No,No,Yes,Yes
2,Stephen DeCourcey,Yes,Yes,Abstain,No,No,No,Yes,Yes,Yes,Yes,No,No,No,Yes,Yes
2,Peter Gast,Yes,Yes,Yes,Yes,No,Yes,Yes,Yes,Yes,Yes,No,No,No,Yes,Yes
2,Bill Hayner,Yes,Yes,Yes,Yes,No,No,No,Yes,Yes,Yes,Yes,No,Yes,No,No
2,Aimee Lim-Miller,Yes,Yes,Yes,Yes,Yes,Yes,Yes,Yes,Yes,Yes,No,No,No,Yes,Yes
2,William Logan,Yes,Yes,Yes,No,Yes,Yes,Yes,Yes,Yes,Yes,No,Yes,No,Yes,Yes
2,Mark McCabe,Yes,,,,,,,,,,,,,,
2,Virginia Reeder,Yes,Yes,Yes,Yes,Yes,Yes,Yes,Yes,Yes,Yes,No,No,No,Yes,Yes
2,Robert Rossi,Yes,Yes,Yes,Yes,Yes,Yes,Yes,Yes,Yes,Yes,No,No,No,Yes,Yes
2,Brendan Sullivan,Yes,Yes,Yes,Yes,Yes,Yes,Yes,Yes,Yes,Yes,No,No,No,Yes,Yes
3,Adam Auster,Yes,Yes,Yes,No,Yes,Abstain,Yes,Abstain,Yes,Yes,No,Abstain,No,Yes,Yes
3,Lenard Diggins,Yes,Yes,Yes,Yes,No,No,Yes,Yes,Yes,Yes,No,No,No,Yes,Yes
3,Robin Dratch,Yes,No,No,Yes,Yes,No,Yes,Yes,Yes,,,,,,
3,John Ellis,Yes,Yes,Yes,Yes,Yes,Yes,Yes,Yes,Yes,Yes,No,No,No,Yes,Yes
3,Robert Marlin,Yes,Yes,Yes,Yes,Yes,Yes,Yes,Yes,Yes,Yes,No,No,No,Yes,Yes
3,Kezia Simister,Yes,Yes,Yes,Yes,No,Yes,No,Yes,Yes,Yes,No,No,No,Yes,Yes
3,Stacie Smith,Yes,Yes,Yes,Yes,Yes,Yes,Yes,Yes,Yes,Yes,No,No,No,No,Yes
3,Susan Stamps,,Yes,Yes,Yes,No,No,Yes,Yes,Yes,Yes,No,No,No,Yes,Yes
3,Jennifer Susse,Yes,No,Yes,Yes,Yes,No,Yes,Yes,Yes,Yes,No,No,No,Yes,Yes
3,Anne Thompson,,,,,,,,,,,,,,,
3,Courtney Urick,,No,Yes,No,Yes,Yes,Yes,Yes,Yes,Yes,No,No,No,Yes,Yes
3,Christopher Wilbur,Yes,No,Yes,Yes,Yes,Yes,Yes,Yes,Yes,Yes,Yes,No,Abstain,Abstain,Yes
4,Alia Atlas,Yes,Yes,Yes,Yes,No,Yes,Yes,Yes,Yes,Yes,Yes,No,No,Yes,Yes
4,Patricia Costa,Yes,,No,Yes,,No,No,Yes,No,Yes,No,No,,,No
4,Silvia Dom√≠nguez,Yes,,Yes,No,Yes,Yes,Yes,Yes,Yes,No,Yes,Yes,Yes,No,No
4,Nawwaf Kaba,Yes,Yes,Yes,Yes,Yes,No,Yes,Yes,Yes,Yes,No,No,No,Yes,Yes
4,Kate Leary,Yes,Yes,Yes,Yes,Yes,Yes,Yes,Yes,Yes,Yes,No,No,No,Yes,Yes
4,Adam MacNeill,Yes,Yes,Yes,Yes,Yes,Yes,Yes,Yes,Yes,Yes,No,No,No,No,Yes
4,Madeleine McClure,Yes,Yes,Yes,Yes,Yes,Yes,Yes,Yes,Yes,Yes,No,No,No,Yes,Yes
4,Michele Phelan,Yes,Yes,Yes,Yes,Yes,Yes,Yes,Yes,Yes,Yes,No,No,No,Yes,Yes
4,Clarissa Rowe,Yes,Yes,Yes,Yes,No,No,Yes,Yes,Yes,Yes,No,No,No,Yes,Yes
4,Alham Saadat,Yes,Yes,Yes,Yes,Yes,Yes,Yes,Yes,Yes,Yes,No,No,No,Yes,Yes
4,Carolyn Sullivan,Yes,No,No,Yes,Yes,No,Yes,Yes,Yes,No,No,No,No,Yes,Yes
4,Ethan Zimmer,Yes,Yes,Yes,Yes,Yes,No,Yes,Yes,Yes,Yes,No,No,No,Yes,Yes
5,Adam Badik,Yes,Yes,Yes,Yes,Yes,Yes,Yes,Yes,Yes,Yes,No,No,No,Yes,Yes
5,Jason Donnelly,,,,,,,,,,,,,,,
5,Catherine Farrell,Yes,Yes,Yes,Yes,Yes,Yes,Yes,Yes,Yes,Yes,No,No,No,Yes,Yes
5,Patrick Hanlon,Yes,Yes,Yes,Yes,Yes,No,Yes,Yes,Yes,Yes,No,No,No,Yes,Yes
5,Christa Kelleher,Yes,Yes,Yes,No,Yes,Yes,Yes,Yes,Yes,Yes,No,No,No,Yes,Yes
5,Karen Kelleher,Yes,Yes,Yes,Yes,Yes,Yes,Yes,Yes,Yes,Yes,No,No,No,Yes,Yes
5,Lauren Ledger,Yes,Yes,Yes,Yes,Yes,No,Yes,Yes,Yes,Yes,No,No,No,Yes,Yes
5,Katherine Mayers,Yes,Yes,Yes,Yes,Yes,No,Yes,Yes,Yes,Yes,Yes,No,No,Yes,Yes
5,Brian McMurray,Yes,Yes,Yes,Yes,Yes,Yes,Yes,Yes,Yes,Yes,No,No,No,Yes,Yes
5,Christine Michael,Yes,Yes,Yes,Yes,Yes,No,Yes,Yes,Yes,Yes,No,No,No,Yes,Yes
5,David Swanson,Yes,Yes,Yes,Yes,No,No,Yes,Yes,Yes,Yes,No,No,No,Yes,Yes
5,Peter Thompson,Yes,Yes,Yes,Yes,No,No,Yes,Yes,Yes,Yes,No,No,No,Yes,Yes
6,James Ballin,Yes,Yes,Yes,,Yes,Yes,Yes,Yes,Yes,Yes,No,No,No,Yes,Yes
6,Charles Blandy,Yes,Yes,Yes,Yes,Yes,Yes,Yes,Yes,Yes,Yes,No,No,No,Yes,Yes
6,Mara Collins,Yes,Yes,Yes,Yes,Yes,Yes,Yes,Yes,Yes,Yes,No,No,No,No,Yes
6,Andrew Fischer,Yes,No,Yes,No,No,No,Yes,Yes,Yes,No,Yes,Yes,Yes,Yes,Yes
6,Daniel Jalkut,Yes,Yes,Yes,No,Yes,Yes,Yes,Yes,Yes,Yes,No,No,No,Yes,Yes
6,Adele Kraus,Yes Verbally,Yes Verbally,Yes Verbally,Yes Verbally,Yes Verbally,Yes Verbally,Yes Verbally,Yes Verbally,Yes Verbally,Yes Verbally,Abstain Verbally,Abstain Verbally,No Verbally,Yes Verbally,Yes Verbally
6,George McNinch,Yes,Yes,Yes,Yes,Yes,Yes,Yes,Yes,Yes,Yes,No,No,No,Yes,Yes
6,Theodore Peluso,Yes,Yes,Yes,,,,,,,,,,,,
6,Lisa Reynolds,Yes,Yes,Yes,Yes,Yes,Yes,Yes,Yes,Yes,No,Yes,Yes,Yes,No,No
6,Jill Snyder,Yes,Yes,Yes,Yes,Yes,Yes,Yes,Yes,Yes,Yes,No,No,No,Yes,Yes
6,Laura Tracey,Yes,Yes,Yes,Yes,Yes,Yes,Yes,Yes,Yes,Yes,No,Yes,Yes,Yes,Yes
6,Lesley Waxman,Yes,Yes,Yes,Yes,No,Yes,Yes,Yes,Yes,Yes,No,No,No,Yes,Yes
7,Alexander Bagnall,Yes,Yes,Yes,Yes,Yes,No,Yes,Yes,Yes,No,No,No,No,Yes,Yes
7,Sheri Baron,Yes,No,Yes,No,No,No,No,Yes,Yes,No,Yes,Yes,Yes,No,No
7,Phil Goff,Yes,Yes,Yes,Yes,Yes,Yes,Yes,Yes,Yes,No,Yes,No,No,Yes,Yes
7,Roderick Holland,Yes,Yes,Yes,No,No,No,Yes,Yes,Yes,No,Yes,Yes,Yes,No,Yes
7,Mary Malek-Odom,Yes,Yes,Yes,Yes,Yes,Yes,Yes,Yes,Yes,No,Yes,Yes,Yes,No,No
7,Catherine McParland,Yes,Yes,Yes,Yes,No,No,No,Yes,Yes,No,No,No,No,Yes,Yes
7,Thomas Michelman,Yes,Yes,Yes,Yes,Yes,Abstain,Yes,Yes,Yes,Yes,No,No,No,Yes,Yes
7,Lisa Pedulla,Yes,Yes,Yes,Yes,No,No,Yes,Yes,Yes,Yes,No,No,No,Yes,Yes
7,Laurence Slotnick,Yes,Yes,Yes,No,Yes,Yes,Yes,Yes,Yes,,,,,,
7,Betty Stone,Yes,Yes,Yes,No,Yes,Yes,Yes,Yes,Yes,No,No,No,No,Yes,Yes
7,Timur Yontar,Yes,Yes,Yes,Yes,Yes,Yes,Yes,Yes,Yes,No,No,No,No,Yes,Yes
7,Rebecca Younkin,Yes,Yes,Yes,Yes,Yes,No,Yes,Yes,Yes,Yes,No,No,No,Yes,Yes
8,Carol Band,Yes,No,Yes,Yes,Yes,Yes,Yes,Yes,Yes,Yes,Yes,Yes,Abstain,,
8,William Berkowitz,Yes,Yes,Yes,No,Yes,Yes,Yes Verbally,No,Yes,No,Yes,Yes,Yes,Yes,Yes
8,Elizabeth Dray,Yes,Yes,Yes,No,Yes,Yes,Yes,Yes,Yes,No,Yes,Yes,Yes,No,Yes
8,Charles Foskett,Yes,No,No,No,No,No,No,Yes,Yes,No,No,Yes,No,Yes,Yes
8,Irwin Grossman,Yes,Yes,Yes,Yes,No,No,Yes,Yes,Yes,Yes,No,No,No,Yes,Yes
8,Sharon Grossman,Yes,Yes,Yes,Yes,No,No,Yes,Yes,Yes,Yes,No,No,No,Yes,Yes
8,Scott Lever,Yes,Yes,Yes,Yes,Yes,Yes,Yes,Yes,Yes,Yes,No,No,No,Yes,Yes
8,Joshua Lobel,Yes,No,Yes,No,Yes,Yes,Yes,Yes,Yes,No,Yes,No,No,No,Yes
8,Sophie Migliazzo,Yes,No,No,No,No,No,Abstain,No,Yes,No,Yes,Yes,Yes,Abstain,Yes
8,Brian Rehrig,Yes,Yes,Yes,Yes,No,No,Yes,Yes,Yes,Yes,No,No,No,Yes,Yes
8,John Worden,Yes,No,Yes,No,Yes,Yes,Yes,No,Yes,No,Yes,Yes,Yes,No,Abstain
8,Patricia Worden,Yes,No,Yes,No,Yes,Yes,Yes,Yes,Yes,,Yes,Yes,Yes,No,Abstain
9,Lisa Blankespoor,Yes,Yes,Yes,Yes,Yes,Yes,Yes,Yes,Yes,Yes,No,No,No,Yes,Yes
9,Barbara Boltz,Yes,Yes,Yes,Yes,Yes,Yes,Yes,Yes,Yes,Yes,No,No,Abstain,Yes,Yes
9,Brian Hasbrouck,Yes,No,No,No,Yes,Yes,Yes,Yes,Yes,No,Yes,No,No,No,No
9,Steven Liggett,Yes,Yes,Yes,Yes,Yes,Yes,Yes,Yes,Yes,No,Abstain,No,No,Abstain,Yes
9,Mona Mandal,Yes,No,Yes,No,Yes,Yes,Yes,Yes,Yes,No,Yes,No,Abstain,Abstain,Yes
9,Susan McCabe,Yes,Yes,Yes,No,Yes,Yes Verbally,Yes,Yes,Yes,Yes,Yes,Yes,Yes,No,Yes
9,Beth Melofchik,Yes,Yes,Yes,No,Yes,Yes,Yes,Yes,Yes,No,Yes,Yes,Yes,No,No
9,Jo Anne Preston,Yes,No,Yes,No,Yes,Yes,Yes,No,Yes,No,Yes,Yes,,,
9,Michael Ruderman,Yes,Yes,Yes,No,Yes,Yes,Yes,Yes,Yes,Yes,Yes,Yes,Yes,No,Yes
9,Paul Schlichtman,Yes,Yes,Yes,Yes,No,No,Yes,Yes,Yes,Yes,No,No,No,Yes,Yes
9,Susan Stewart,Yes,Yes,Yes,Yes,Yes,Yes,Yes,Yes,Yes,Yes,No,No,No,Yes,Yes
9,Rieko Tanaka,Yes,Yes,Yes,Yes,No,No,Yes,Yes,Yes,Yes,No,No,No,Yes,Yes
10,Barbara Costa,Yes,No,Yes,No,Yes,Yes,Yes,Yes,Yes,No,Yes,No,No,No,Yes
10,Danuta Forbes,Abstain,Yes,Yes,No,Yes,Yes,Yes,Yes Verbally,Yes,Yes,No,Abstain,No,Yes,Yes
10,Jane Howard,Yes,Yes,Yes,Yes,Yes,Yes,Yes,Yes,No,Yes,No,No,No,Yes,Yes
10,Peter Howard,Yes,Yes,Yes,Yes,Yes,Yes,Yes,Yes,No,Yes,No,No,No,Yes,Yes
10,Christian Klein,Yes,Yes,Yes,No,No,No,Yes,No,Yes,Yes,Yes,No,No,No,Yes
10,Charlotte Milan,Yes,Yes,Yes,Yes,Yes,No,Abstain,Yes,Yes,Yes,No,No,No,Yes,Yes
10,Sanjay Newton,Yes,Yes,Yes,No,Yes,Yes,Yes,Yes,Yes,Yes,No,No,No,No,Yes
10,Elizabeth Pyle,Yes,Yes,Yes,Yes,Yes,Yes,Yes,Yes,Yes,No,Yes,No,Yes,No,Yes
10,Michael Quinn,Abstain,Yes,Yes,No,No,No,Yes,No,Yes,No,Yes,Yes,Yes,No,Abstain
10,Christopher Rohter,,,,,,,,,,,,,,,
10,Mustafa Varoglu,Yes,Yes,Yes,Yes,Yes,Yes,Yes,Yes,Yes,Yes,No,No,No,Yes,Yes
10,Donna Wren,Yes,Yes,Yes,Yes,Yes,Yes,Yes,Yes,Yes,Yes,No,No,No,Yes,Yes
11,Mary Ellen Bilafer,Yes,Yes,Yes,Yes,No,No,Yes,Yes,Yes,Yes,No,No,No,Yes,Yes
11,Christine Carney,Yes,Yes,Yes,Yes,No,No,Yes,Yes,Yes,No,No,No,No,Yes,Yes
11,Lynette Culverhouse,Yes,Yes,Yes,No,Yes,Yes,Yes,Yes,Yes,No,Yes,Yes,Yes,No,Yes
11,Meredith DiMola,Yes,Yes,Yes,Yes,Yes,Yes,Yes,Yes,Yes,Yes,No,No,No,Yes,Yes
11,Ian Goodsell,Yes,Yes,Yes,Yes,No,No,Yes,Yes,Yes,No,No,Yes,Yes,Yes,Yes
11,Christopher Heigham,Yes,Yes,Yes,Yes,No,No,No,Yes,Yes,Yes,No,No,No,Yes,Yes
11,Leba Heigham,Yes,Yes,Yes,Yes,No,No,Yes,Yes,Yes,Yes,No,No,No,Yes,Yes
11,Judson Pierce,Yes,Yes,No,Yes,No,No,Yes,Yes,Yes,Yes,Yes,No,Yes,Yes,Yes
11,Joyce Radochia,Yes,Yes,No,Yes,No,No,No,Yes,Yes,Yes,Yes,No,No,Yes,Yes
11,Matthew Reck,Yes,Yes,No,Yes,No,No,Yes,Yes,Yes,Yes,No,No,No,Yes,Yes
11,Carroll Schwartz,Yes,Yes,Yes,Yes,Yes,Yes,Yes,Yes,Yes,Yes,No,No,No,Yes,Yes
11,Paulette Schwartz,Yes,No,Yes,Yes,Yes,Yes,Yes,Yes,Yes,Yes,No,No,No,Yes,Yes
12,Benjamin Ames,Yes,Yes,Yes,Yes,Yes,No,No,Yes,Yes,Yes,No,No,No,Yes,Yes
12,Lisa Bielefeld,Yes,No,Yes,No,Yes,No,Yes,Yes,Yes,No,No,No,No,Yes,Yes
12,Juliana Brazile,Yes,Yes,Yes,Yes,No,No,Yes,Yes,Yes,Yes,No,No,No,Yes,Yes
12,Larry Dieringer,Yes,Yes,Yes,Yes,Yes,Yes,Yes,Yes,Yes,,,Yes,Yes,Yes,Yes
12,James DiTullio,Yes,Yes,Yes,Yes,No,Yes,Yes,Yes,Yes,Yes,No,No,No,Yes,Yes
12,Eric Helmuth,Yes,Yes,Yes,Yes,No,No,Yes,Yes,Yes,Yes,No,No,No,Yes,Yes
12,Gordon Jamieson,Yes,Yes,Yes,Yes,Yes,Yes,Yes,Abstain,Yes,Yes,No,No,No,Yes,Yes
12,Robert Jefferson,Yes,Yes,No,Yes,No,No,No,No,Yes,Yes,No,No,No,No,No
12,Caroline Murray,Yes,Yes,Yes,Yes,Yes,Yes,No,Yes,Yes,Yes,No,No,No,Yes,Yes
12,Helene Newberg,Yes,Yes,Yes,Yes,No,Yes,Yes,Yes,Yes,Yes,No,No,No,Yes,Yes
12,Jeffrey Thielman,Yes,Yes,Yes,Yes,Yes,Yes,Yes,Yes,Yes,Yes,No,No,No,Yes,Yes
12,Sanjay Vakil,Yes,Yes,Yes,Yes,Yes,Yes,Yes,Yes,Yes,Yes,No,No,No,Yes,Yes
13,Kristin Anderson,Yes,Yes,Yes,Yes,Yes,Yes,Yes,Yes,Yes,No,Abstain,Yes,Abstain,Yes,Yes
13,Lynn Bishop,Yes,Yes,Yes,Yes,Yes,Yes,Yes,Yes,Yes,Yes,No,No,No,Yes,Yes
13,Michael Byrne,Yes,Yes,Abstain,Yes,No,No,No,Yes,Yes,Yes,No,No,No,No,Yes
13,John Deyst,Yes,Yes,Yes,Yes,No,No,Yes,Yes,Yes,Yes,No,No,No,No,Yes
13,Mary Deyst,Yes,Yes,Yes,Yes,No,No,No,Yes,Yes,Yes,No,No,No,No,Yes
13,DeAnne Dupont,Yes,Yes,Yes,Yes,No,No,No,Yes,Yes,No,Abstain,No,No,Yes,Yes
13,Laura Fuller,Yes,Yes,Yes,Yes,Yes,Yes,Yes,Yes,Yes,Yes,No,No,No,Yes,Yes
13,David Good,Yes,Yes,No,Yes,No,No,No,Yes,Yes,Yes,Yes,Yes,No,Yes,Yes
13,Zachary Grunko,Yes,Yes,Yes,Yes,Yes,Yes,Yes,Yes,Yes,Yes,No,No,No,,Yes
13,Marie Krepelka,,,No Verbally,,,,No Verbally,,Yes Verbally,,,,,,Yes Verbally
13,Lee Poage,Yes,Yes,Yes,Yes,Yes,Yes,Yes,Yes,Yes,Yes,No,No,No,Yes,Yes
13,Priya Sankalia,Yes,Yes,Yes,Yes,Yes,Yes,Yes,Yes,Yes,,No,No,No,Yes,Yes
14,Elisabeth Carr-Jones,Yes,Yes,Yes,No,Yes,Yes,Yes,Yes,Yes,Yes,Yes,No,Yes,Yes,Yes
14,Richard Gallagher,Yes,Yes,Yes,Yes,No,No,No,Yes,Yes,Yes,No,Yes,Yes,Yes,Yes
14,Amy Goldstein,Yes,Yes,Yes,Yes,Yes,No,Yes,Yes,Yes,Yes,No,No,No,No,Yes
14,Guillermo Hamlin,Yes,Yes,Yes,Yes,Yes,Yes,Yes,Yes,Yes,No,No,No,No,Yes,Yes
14,Michaiah Healy,Yes,Yes,Yes,No,Yes,Yes,Yes,Yes,Yes,Abstain,Yes,No,Abstain,No,Yes
14,Alan Jones,Yes,Yes,Yes,Yes,Yes,Yes,Yes,Yes,Yes,Yes,Yes,No,Yes,Yes,Yes
14,Diane Mahon,Yes,Yes,Yes,Yes Verbally,No,No,Yes,Yes,Yes,Yes,Yes,Yes,No,Yes,Yes
14,Christopher Moore,Yes,Yes,Yes,Yes,Yes,No,Yes,Yes,Yes,Yes,No,No,No,Yes,Yes
14,Brendan O'Day,Yes,Yes,Yes,Yes,No,No,No,Yes,Yes,Yes,No,Yes,No,Yes,Yes
14,Adam Pachter,Yes,Yes,Yes,Yes,Yes,Yes,Yes,Yes,Yes,Yes,No,No,No,Abstain,Yes
14,Michael Stern,Yes,Yes,Yes,Yes,Yes,Yes,Yes,Yes,Yes,Yes,No,No,No,Yes,Yes
14,Joseph Tully,Yes,Yes,Yes,Yes,Yes,Yes,Yes,Yes,Yes,Yes,Yes,Yes,Yes,Abstain,Yes
15,Kirsi Allison-Ampe,Yes,Yes,Yes,Yes,No,Abstain,Abstain,Yes,Yes,Yes,No,No,No,Yes,Yes
15,Gregory Christiana,Yes,Yes,Yes,Yes,No,No,Yes,Yes,Yes,Yes,No,No,No,Yes,Yes
15,Frank Ciano,,Yes,Yes,Yes,No,Yes,No,Yes,Yes,Yes,No,No,No,Yes,Yes
15,Joseph Curro,Yes,Yes,Yes,Yes,No,No,Yes,Yes,Yes,Yes,No,No,No,Yes,Yes
15,Rachelle Dobbs,Abstain,Yes,Yes,Yes,Yes,Yes,Yes,Yes,Yes,Yes,No,No,No,Yes,Yes
15,Elizabeth Exton,,Yes,Yes,Yes,Yes,Yes,Yes,Yes,Yes,Yes,No,No,No,Yes,Yes
15,Beth Ann Friedman,Yes,Yes,Yes,Yes,No,Yes,Yes,Yes,Yes,Yes,No,No,No,Yes,Yes
15,Naomi Greenfield,Yes,Yes,Yes,Yes,No,No,No,Yes,Yes,Yes,No,No,No,Yes,Yes
15,Annie LaCourt,Yes,Yes,Yes,No,Yes,Yes,Yes,Yes,Yes,Yes,No,No,No,Yes,Yes
15,Nancy Mara,Yes,Yes,Yes,Yes,No,Yes,No,Yes,Yes,Yes,Yes,No,Yes,Yes,Yes
15,Jane Morgan,Yes,Yes,Yes,Yes,Yes,Yes,Yes,Yes,Yes,Yes,No,No,No,Yes,Yes
15,Amy Speare,Yes,No,Yes,No,Abstain,No,No,Yes,Yes,Yes,No,Yes,No,Yes,Yes
16,Lauren Boyle,Yes,Yes,Yes,Yes,No,No,No,Yes,Yes,,Yes,No,No,Yes,Yes
16,Holly Czapski,Yes,Yes,Yes,Yes,Yes,Yes,Yes,Yes,Yes,Yes,No,No,No,Yes,Yes
16,Chris DiMeo,Yes,Yes,Yes,No,Yes,Yes,Yes,Yes,Yes,Yes,Yes,Yes,Yes,No,Yes
16,Deanna Graham,Yes,Yes,Yes,Yes,Yes,Yes,Yes,Yes,Yes,Yes,Yes,Yes,Yes,Yes,Yes
16,Brooks Harrelson,Yes,Yes,Yes,No,Yes,Yes,Yes,Yes,Yes,Yes,No,No,No,Yes,Yes
16,Kevin Koch,Yes,No,No,No,Abstain,No,No,Yes,Yes,Yes,Yes,Yes,Abstain,Yes,Yes
16,Marvin Lewiton,Yes,Yes,Yes,Yes,Yes,Yes,Yes,Yes,Yes,Yes,No,No,No,Yes,Yes
16,Carol Luddecke,Yes,Yes,Yes,Yes,Yes,Yes,Yes,Yes,Yes,,,No,No,Yes,Yes
16,Sandra Mostajo,Yes,Yes,Yes,Yes,Yes,Yes,Yes,Yes,Yes,Yes,Yes,Yes,Yes,No,Yes
16,Allen Reedy,Yes,Yes,Yes,Yes,Yes,Yes,Yes,Yes,Yes,Yes,No,No,No,Yes,Yes
16,Barbara Thornton,Yes,Yes,Yes,Yes,No,No,No,Yes,Yes,Yes,No,No,No,Yes,Yes
16,John Weiss,Yes,Yes,Yes,Yes,Yes,Yes,Yes,Yes,Yes,Yes,No,No,No,Yes,Yes
17,Joshua Arnold,Yes,Yes,Yes,Yes,Yes,Yes,Yes,Yes,Yes,Yes,No,No,No,Yes,Yes
17,Michael Brown,Yes,,,Yes,Yes,Yes,Yes,Yes,Yes,,,,,,
17,Sarah Burks,Yes,Yes,Yes,Yes,Yes,Yes,Yes,Yes,Yes,Yes,No,Yes,No,Yes,Yes
17,John Finochetti,,,,,,,,,,,,,,,
17,Ann Fitzgerald,Yes,Yes,Yes Verbally,Yes,Yes,Yes,Yes,Yes,Yes,Yes,Yes,No,No,No,Yes
17,Laura Gitelson,Yes,Yes,Yes,Yes,Yes,Yes,Yes,Yes,Yes,Yes,No,No,No,Yes,Yes
17,John Leonard,,,Yes Verbally,,,,Yes Verbally,,Yes Verbally,,,,,,Yes Verbally
17,Ann LeRoyer,Yes,Yes,Yes,Yes,Yes,Yes,Yes,Yes,Yes,Yes,No,No,No,Yes,Yes
17,Angela Olszewski,Yes,Yes,Yes,Yes,Yes,Yes,Yes,Yes,Yes,Yes,No,No,No,No,Yes
17,Amy Slutzky,Yes,Yes,Yes,No,Yes,Yes,Yes,Yes,Yes,Yes,No,No,No,Yes,Yes
17,Allan Tosti,Yes,Yes,Yes,Yes,No,No,No Verbally,Yes,Yes,Yes,No,Yes,Yes,Yes,Yes Verbally
17,Susan Webber,Yes,Yes,Yes,Yes,No,No,Yes,Yes,Yes,Yes,No,No,No,Yes,Yes
18,Nancy Bloom,Yes,No,Yes,No,No,Yes,Yes,Yes,Yes,Yes,Yes,No,Yes,No,Yes
18,Shirley Canniff,Yes,Yes,Yes,Yes,No,No,No,Yes,Yes,Yes,Yes,No,Yes,No,Yes
18,Heather Cooke,Yes,Yes,Yes,Yes,Yes,Yes,Yes,Yes,Yes,Yes,No,No,No,Yes,Yes
18,John Donato,Yes,Yes,Yes,Yes,Yes,No,No,Yes,Yes,Yes,Yes,Yes,Yes,No,Yes
18,William Ford,Yes,Yes,No,No,Yes,No,No,Yes,Yes,No Verbally,Yes,Yes,Yes,Yes,Yes
18,Jon Gersh,Yes,Yes,Yes,Yes,No,Yes,Yes,Yes,Abstain,No,Yes,Yes,Yes,No,Yes
18,Jeffrey Hadden,Yes,Yes,Yes,Yes,Yes,Yes,Yes,Yes,Yes,No,No,Yes,No,Yes,Yes
18,Gilbert Irizarry,Yes,Yes,Yes,Yes,No,No,Yes,Yes,Yes,Yes,Yes,No,Yes,Yes,Yes
18,David Levy,Yes,Yes,Yes,Yes,No,No,No,Yes,Yes,Yes,No,No,No,No,Yes
18,Daniel Parmer,Yes,Yes,Yes,Yes,Yes,Yes,Yes,Yes,Yes,Yes,No,No,No,Yes,Yes
18,Carolyn Parsons,Yes,Yes,Yes,Yes,Yes,Yes,Yes,Yes,Yes,No,No,No,No,Yes,Yes
18,Michael Watson,Yes,Yes,Yes,No,Yes,Yes,Yes,Yes,Yes,Yes,No,No,No,Yes,Yes
19,Melanie Brown,Yes,Yes,Yes,No,Yes,Yes,Yes,Yes,Yes,No,Yes,Yes,Yes,No,Yes
19,Deborah Butler,Yes,Yes,Yes,Yes,No,No,Yes,Yes,Yes,No,No,Yes,Abstain,Yes,Yes
19,Dganit Cohen,Yes,Yes,Yes,Yes,No,No,Yes,Yes,Yes,Yes,No,No,No,Yes,Yes
19,Neva Corbo-Hudek,Yes,Yes,Yes,Yes,Yes,Yes,Yes,Yes,Yes,Yes,Abstain,Abstain,Abstain,Abstain,Yes
19,Elaine Crowder,Yes,Yes,Yes,No,Yes,No,Yes,Yes,Yes,Yes,Yes,No,Abstain,No,Yes
19,Christine Deshler,Yes,Yes,No,No,No,No,No,Yes,Yes,No,Yes,Yes,Yes,No,No
19,Michelle Durocher,Yes,Yes,Yes,No,No,Yes,Yes,Yes,Yes,Yes,Yes,Yes,No,No,Yes
19,Claire Johnson,Yes,Yes,Yes,No,Yes,Yes,Yes,Yes,Yes,No,Yes,Yes,Yes,No,Yes
19,Flynn Monks,Yes,Yes,Yes,No,Yes,Abstain,Yes,Yes,Yes,Yes,No,No,No,Yes,Yes
19,James O'Conor,Yes,Yes,Yes,Yes,Yes,Yes,Yes,Yes,Yes,Yes,Yes,Yes,Yes,No,Yes
19,Jonathan Rabinowitz,Yes,Yes,Yes,Yes,Yes,Yes,Yes,Yes,Yes,Yes,Abstain,Abstain,Abstain,Abstain,Yes
19,Edward Trembly,Yes,No,No,No,No,No,No,No,Yes,No,Yes,Yes,Yes,No,No
20,Dean Carman,Yes,Yes,Yes,Yes,No,No,Yes,Yes,Yes,Yes,No,No,No,No,Yes
20,Curtis Connors,Yes,No,Yes,Yes,Yes,Yes,Yes,Yes,Yes,Yes,No,No,No,No,Yes
20,Samantha Dutra,Yes,Yes,Yes,Yes,Yes,Yes,Yes,Yes,Yes,,,,,,
20,Peter Fuller,Yes,No,Yes,No,No,Yes,Yes,No,Yes,No,No,No,No,Yes,Yes
20,Maureen Gormley,Yes,Yes,Yes,Yes,No,No,No,Yes,Yes,Yes,No,No,No,Yes,Yes
20,Camilla Haase,Yes,Yes,Yes,Yes,Yes,No,Yes,Yes,Yes,Yes,No,No,No,Yes,Yes
20,Leonard Kardon,Yes,,,,,,,No,Yes,Yes,No,No,No,Yes,Yes
20,Michaela May,Yes,Yes,Yes,Yes,Yes,Yes,Yes,Yes,Yes,Yes,No,No,No,Yes,Yes
20,Patricia Muldoon,,Yes,Yes,No,Yes,Yes,Yes,Yes,Yes,Yes,No,No,No,Yes,Yes
20,Kristin Pennarun,Yes,Yes,Yes,No,Yes,Yes,Yes,Yes,Yes,Yes,No,No,No,Yes,Yes
20,Katharine Radville,Yes,Yes,Yes,No,Yes,Yes,Yes,Yes,Yes,Yes,Yes,Yes,Yes,Yes,Yes
20,Robert Tosi,Yes,Yes,Yes,Yes,No,No,Yes,Yes,Yes,No,Yes,Yes,Yes,No,Yes
21,Beth Benedikt,Yes,Yes,Yes,Yes,Yes,Yes,Yes,Yes,Yes,Yes,Yes,Yes,Yes,No,Yes
21,Susan Doctrow,Yes,No,Yes,No,Yes,No,Yes,Yes,Yes,No,No,No,No,Yes,Yes
21,Daniel Dunn,Yes,Yes,Yes,Yes,No,No,Yes,Yes,Yes,Yes,No,No,No,Abstain,Yes
21,Anne Ehlert,Yes,Yes,Yes,Yes,Yes,Yes,Yes,,Yes,No,Yes,No,Yes,No,Yes
21,Pamela Hallett,Yes,Yes,Yes,Yes,Yes,No,Yes,Yes Verbally,Yes,Yes,No,No,No,No,Yes
21,Lori Leahy,Yes,Yes,Yes,Yes,Yes,Yes,Yes,Yes,Yes,No,No,No,Yes,Abstain,No
21,Leslie Mayer,Yes,Yes,Yes,Yes,No,No,No,Yes,Yes,Yes,Yes,Yes,Yes,Yes,Yes
21,Zarina Memon,Yes,Yes,Yes,Yes,Yes,Yes,Yes,Yes,Yes,Yes,No,Yes,Abstain,Yes,Yes
21,Christopher Rowell,Yes,Yes,No,Abstain,No,No,No,Yes,Yes,No,No,No,Yes,No,No
21,Janice Weber,Yes,Yes,Yes,Yes,No,No,No,Yes,Yes,Yes,No Verbally,No,,Yes,Yes
21,Jordan Weinstein,Yes,No,Yes,No,Yes,Yes,Yes,Yes,Yes,No,Yes,Yes,Yes,No,Yes
21,David White,Yes,Yes,Yes,Yes,Yes,Yes,Yes,Yes,Yes,Yes,No,No,No,Yes,Yes
